employee_id,first_name,last_name,gender,hire_date,department_id,job_id,salary,manager_id
1,Priya,Patel,Male,2018-01-31,1,1,38024,
2,Arun,Sharma,Male,2021-08-15,1,5,62651,
3,Arun,Das,Male,2020-08-31,2,2,64453,
4,Vijay,Iyer,Male,2017-06-21,4,5,64439,
5,Rahul,Reddy,Female,2018-10-25,4,2,43210,
6,Anita,Nair,Female,2019-04-06,1,1,33169,
7,Sanjay,Kumar,Female,2021-01-05,4,1,34090,
8,Sneha,Kumar,Male,2021-06-22,3,5,47601,
9,Kumar,Singh,Female,2015-11-23,3,2,40256,
10,Anita,Reddy,Female,2016-10-28,3,4,74260,
11,Meena,Reddy,Male,2022-02-13,5,1,35607,
12,Sneha,Das,Male,2018-01-10,4,4,91943,
13,Anita,Singh,Female,2017-07-27,1,3,42103,
14,Sneha,Nair,Male,2021-05-12,2,1,58716,
15,Rahul,Iyer,Male,2022-03-18,4,4,80071,
16,Sneha,Verma,Female,2021-01-16,5,2,42219,
17,Rahul,Das,Female,2019-01-22,4,5,49373,
18,Karthik,Patel,Female,2016-03-25,1,1,35008,
19,Vijay,Gupta,Female,2019-04-26,1,5,60009,
20,Karthik,Das,Female,2022-08-18,1,5,42507,
21,Rahul,Gupta,Male,2018-04-17,1,3,68492,
22,Kumar,Iyer,Male,2017-01-01,5,3,73271,
23,Meena,Sharma,Female,2016-10-23,3,2,60348,
24,Divya,Reddy,Male,2016-04-03,1,4,73788,
25,Sneha,Gupta,Male,2015-11-19,5,2,30613,
26,Meena,Patel,Female,2016-06-09,2,5,66148,
27,Meena,Reddy,Female,2019-09-30,5,5,48880,
28,Ravi,Kumar,Male,2019-11-30,3,4,83919,
29,Vijay,Das,Male,2018-10-16,1,2,26378,
30,Sneha,Sharma,Male,2015-01-30,2,5,39652,
31,Meena,Reddy,Female,2018-09-15,1,1,32321,
32,Sneha,Verma,Female,2021-01-17,2,4,58671,
33,Kumar,Kumar,Female,2019-07-26,4,2,37478,
34,Sneha,Sharma,Male,2019-08-11,4,3,70606,
35,Kumar,Reddy,Male,2023-03-02,4,1,41118,
36,Sanjay,Patel,Female,2020-01-12,5,2,34186,
37,Meena,Kumar,Male,2015-11-05,2,4,79041,
38,Rahul,Singh,Female,2016-01-18,1,5,50491,
39,Rahul,Singh,Male,2019-07-01,2,4,53842,
40,Sanjay,Das,Female,2020-02-07,3,4,68694,
41,Arun,Verma,Male,2018-04-30,2,2,39267,
42,Ravi,Das,Male,2015-07-25,1,3,78284,
43,Rahul,Kumar,Male,2015-11-25,5,1,57896,
44,Priya,Verma,Male,2016-05-06,4,2,62334,
45,Vijay,Das,Female,2019-09-14,1,5,73251,
46,Priya,Iyer,Female,2022-07-06,2,3,60590,
47,Kumar,Sharma,Female,2020-02-16,3,2,45720,
48,Meena,Reddy,Female,2016-02-14,5,5,39801,
49,Anita,Iyer,Male,2015-10-09,3,2,41009,
50,Vijay,Das,Male,2022-11-21,5,4,69825,
51,Divya,Kumar,Male,2022-06-10,3,5,41788,9.0
52,Priya,Nair,Male,2018-01-20,2,5,53465,39.0
53,Kumar,Singh,Female,2020-06-24,5,3,56457,4.0
54,Karthik,Iyer,Male,2018-09-28,1,1,55268,9.0
55,Arun,Kumar,Male,2022-11-30,5,4,78028,36.0
56,Meena,Patel,Female,2015-05-28,5,2,49196,38.0
57,Anita,Reddy,Male,2018-06-16,1,2,48897,3.0
58,Vijay,Patel,Male,2021-04-12,3,1,58971,27.0
59,Sneha,Nair,Female,2019-08-16,2,2,26624,12.0
60,Arun,Gupta,Male,2016-10-14,3,2,32084,25.0
61,Priya,Sharma,Male,2018-12-03,4,2,45000,15.0
62,Divya,Nair,Female,2018-02-15,3,4,54549,50.0
63,Rahul,Verma,Female,2015-04-24,3,5,42559,17.0
64,Sneha,Nair,Female,2021-09-09,1,1,44239,23.0
65,Priya,Iyer,Male,2016-04-18,5,5,60244,37.0
66,Sneha,Reddy,Female,2020-10-30,1,4,85287,44.0
67,Anita,Kumar,Female,2022-06-13,1,4,71639,40.0
68,Sanjay,Iyer,Male,2022-06-24,3,5,61764,21.0
69,Sneha,Patel,Female,2022-06-16,4,2,49847,44.0
70,Priya,Singh,Female,2015-01-02,5,4,69914,19.0
71,Meena,Gupta,Male,2019-12-17,4,4,94277,14.0
72,Vijay,Nair,Male,2020-10-12,3,1,51753,41.0
73,Arun,Sharma,Male,2017-07-09,3,2,38050,10.0
74,Karthik,Verma,Male,2015-10-26,5,4,79846,27.0
75,Karthik,Sharma,Male,2019-06-25,4,4,65989,10.0
76,Ravi,Sharma,Male,2016-12-21,2,4,95607,34.0
77,Karthik,Das,Female,2016-06-30,4,1,56260,30.0
78,Meena,Gupta,Male,2023-01-25,5,4,83081,28.0
79,Karthik,Iyer,Female,2017-11-27,4,4,99268,16.0
80,Divya,Reddy,Female,2019-12-07,3,2,30077,46.0
81,Rahul,Reddy,Female,2021-01-21,3,3,45280,9.0
82,Anita,Das,Female,2015-09-21,2,2,52188,27.0
83,Vijay,Sharma,Female,2017-04-27,1,4,77534,25.0
84,Sanjay,Singh,Male,2018-12-11,1,4,69569,49.0
85,Arun,Singh,Female,2018-01-22,2,4,78562,32.0
86,Meena,Sharma,Female,2020-03-29,2,4,58364,40.0
87,Karthik,Singh,Male,2022-06-08,5,5,36776,6.0
88,Anita,Reddy,Female,2015-07-25,2,4,67049,25.0
89,Sanjay,Iyer,Male,2019-04-02,3,3,58235,49.0
90,Priya,Kumar,Male,2021-01-18,1,4,53413,23.0
91,Vijay,Patel,Male,2017-03-27,2,1,57499,2.0
92,Priya,Gupta,Female,2022-07-05,4,2,32496,37.0
93,Sneha,Kumar,Male,2021-10-17,2,3,79796,48.0
94,Vijay,Singh,Female,2021-06-28,1,3,41682,20.0
95,Kumar,Iyer,Male,2021-08-22,1,2,66106,16.0
96,Karthik,Nair,Male,2018-11-23,1,5,69913,28.0
97,Kumar,Singh,Female,2015-02-21,3,5,62528,32.0
98,Meena,Iyer,Female,2019-11-19,2,4,61543,47.0
99,Anita,Reddy,Male,2023-03-14,4,4,88828,18.0
100,Vijay,Singh,Female,2017-09-25,4,3,70455,37.0
101,Priya,Nair,Female,2018-08-24,4,1,35958,32.0
102,Arun,Das,Male,2021-09-07,3,3,58105,36.0
103,Meena,Reddy,Female,2023-01-28,2,1,43317,32.0
104,Priya,Singh,Male,2015-03-12,4,4,56098,19.0
105,Meena,Nair,Female,2019-02-20,5,3,71015,36.0
106,Divya,Iyer,Male,2018-12-12,3,5,64736,18.0
107,Meena,Patel,Male,2018-07-16,2,1,33917,48.0
108,Meena,Verma,Female,2018-02-06,4,2,63639,49.0
109,Rahul,Iyer,Male,2018-04-28,2,1,37454,24.0
110,Meena,Iyer,Male,2018-01-28,2,5,37982,4.0
111,Ravi,Gupta,Female,2015-02-20,1,4,87621,19.0
112,Kumar,Kumar,Female,2015-07-30,2,3,56546,31.0
113,Arun,Patel,Male,2021-06-21,1,4,91251,44.0
114,Meena,Singh,Male,2015-12-15,3,5,51265,8.0
115,Vijay,Singh,Female,2020-01-20,4,5,64014,20.0
116,Kumar,Reddy,Male,2015-09-04,5,5,74952,48.0
117,Meena,Kumar,Male,2016-10-05,1,3,55719,12.0
118,Ravi,Iyer,Male,2020-01-20,4,1,52589,39.0
119,Ravi,Kumar,Male,2022-12-05,3,2,43528,45.0
120,Kumar,Das,Male,2022-06-01,5,3,52964,28.0
121,Rahul,Iyer,Female,2016-08-05,3,2,29679,4.0
122,Sneha,Singh,Female,2020-04-03,1,4,95133,20.0
123,Vijay,Sharma,Female,2020-07-15,5,5,63688,6.0
124,Priya,Verma,Male,2017-10-22,5,3,41695,6.0
125,Meena,Gupta,Female,2015-06-14,5,3,51481,31.0
126,Kumar,Gupta,Female,2019-11-21,5,2,66601,32.0
127,Rahul,Nair,Female,2018-08-08,3,4,93917,7.0
128,Meena,Sharma,Female,2022-06-06,3,4,76244,49.0
129,Sanjay,Das,Male,2017-10-30,3,1,40593,8.0
130,Meena,Nair,Female,2019-08-20,4,5,38552,13.0
131,Rahul,Iyer,Female,2017-04-13,1,4,67501,36.0
132,Priya,Patel,Female,2015-04-29,1,4,91289,39.0
133,Priya,Kumar,Female,2021-03-12,1,5,61738,6.0
134,Meena,Iyer,Female,2020-08-03,2,1,53481,19.0
135,Rahul,Singh,Male,2017-09-25,4,4,79935,36.0
136,Sanjay,Nair,Female,2016-07-13,5,5,39575,18.0
137,Vijay,Gupta,Male,2023-02-21,3,1,39783,38.0
138,Meena,Das,Female,2020-06-06,5,4,72618,22.0
139,Vijay,Singh,Male,2017-02-11,3,4,95711,16.0
140,Sneha,Singh,Female,2018-07-27,1,4,98804,31.0
141,Vijay,Nair,Male,2015-06-01,4,2,33273,33.0
142,Sneha,Patel,Female,2020-11-24,1,4,79945,1.0
143,Vijay,Singh,Male,2020-04-07,1,2,42368,22.0
144,Sneha,Gupta,Male,2019-04-06,5,3,60752,41.0
145,Sneha,Kumar,Female,2017-08-19,1,5,53833,15.0
146,Divya,Sharma,Male,2019-12-23,1,1,35451,45.0
147,Sanjay,Patel,Male,2018-04-16,1,3,63492,24.0
148,Rahul,Kumar,Female,2021-05-07,4,5,46800,11.0
149,Priya,Gupta,Female,2020-07-31,2,5,73217,10.0
150,Divya,Das,Male,2022-06-24,3,4,50615,30.0
151,Karthik,Singh,Female,2018-11-16,4,1,49253,20.0
152,Kumar,Reddy,Female,2017-03-26,3,4,75211,31.0
153,Divya,Sharma,Female,2021-06-12,3,5,54390,45.0
154,Sneha,Gupta,Female,2021-05-07,1,3,43214,39.0
155,Priya,Verma,Female,2018-12-14,5,2,39352,41.0
156,Divya,Gupta,Male,2022-01-14,1,2,67358,3.0
157,Divya,Nair,Female,2023-03-19,3,5,43612,6.0
158,Meena,Das,Female,2016-06-25,2,2,60350,24.0
159,Anita,Kumar,Female,2020-05-27,3,2,44342,48.0
160,Sneha,Singh,Female,2017-07-13,2,1,58185,44.0
161,Kumar,Gupta,Female,2015-02-27,4,1,38665,35.0
162,Karthik,Reddy,Female,2019-04-10,5,3,64344,7.0
163,Priya,Kumar,Female,2021-04-18,5,1,40748,40.0
164,Arun,Iyer,Female,2016-04-22,4,3,49160,3.0
165,Rahul,Singh,Female,2017-08-19,1,1,59073,35.0
166,Sneha,Patel,Female,2019-09-13,5,3,78491,48.0
167,Arun,Nair,Male,2021-11-26,4,1,43373,18.0
168,Karthik,Nair,Female,2017-08-25,4,4,73768,7.0
169,Ravi,Kumar,Male,2018-02-04,4,1,36219,8.0
170,Rahul,Verma,Male,2015-07-27,1,5,56856,16.0
171,Priya,Nair,Male,2017-04-28,5,1,49214,14.0
172,Meena,Iyer,Male,2018-02-09,1,5,44482,9.0
173,Priya,Verma,Female,2016-06-23,1,1,30486,23.0
174,Sneha,Singh,Male,2017-12-22,2,1,31717,9.0
175,Meena,Verma,Male,2020-01-11,4,1,55494,24.0
176,Sneha,Das,Female,2017-06-26,5,4,90311,3.0
177,Sanjay,Kumar,Female,2015-09-07,1,4,81390,26.0
178,Rahul,Kumar,Male,2015-11-27,1,4,71109,39.0
179,Sneha,Nair,Female,2022-02-06,5,3,78362,36.0
180,Vijay,Singh,Male,2018-04-22,5,5,64734,33.0
181,Sanjay,Gupta,Male,2023-01-31,5,1,58360,14.0
182,Sneha,Kumar,Female,2020-02-01,3,4,76131,27.0
183,Rahul,Gupta,Male,2022-06-17,3,4,66704,24.0
184,Sneha,Nair,Male,2016-01-17,1,1,44151,7.0
185,Anita,Kumar,Female,2021-07-30,1,5,71804,36.0
186,Vijay,Iyer,Female,2023-02-01,4,3,43371,19.0
187,Karthik,Gupta,Male,2020-09-09,5,1,36971,10.0
188,Divya,Verma,Male,2021-03-28,3,1,42044,8.0
189,Karthik,Das,Male,2021-12-21,5,4,90211,44.0
190,Sneha,Iyer,Female,2015-04-29,3,5,46823,18.0
191,Karthik,Singh,Male,2017-01-13,1,3,49388,37.0
192,Sanjay,Singh,Female,2016-01-11,1,2,59765,14.0
193,Anita,Verma,Male,2019-02-24,2,3,60423,47.0
194,Arun,Kumar,Female,2016-10-06,2,1,54721,40.0
195,Sanjay,Iyer,Male,2020-06-12,4,4,89785,29.0
196,Divya,Verma,Female,2018-11-14,1,5,63174,8.0
197,Vijay,Sharma,Male,2015-07-06,3,5,49451,26.0
198,Divya,Iyer,Female,2017-05-15,3,2,33993,49.0
199,Rahul,Patel,Female,2020-07-30,1,1,54478,28.0
200,Anita,Kumar,Female,2020-08-11,2,5,71616,43.0
201,Anita,Verma,Female,2015-03-18,4,1,45065,5.0
202,Kumar,Singh,Male,2022-12-16,4,5,62373,19.0
203,Anita,Kumar,Female,2021-12-06,2,3,70152,45.0
204,Meena,Kumar,Female,2019-11-20,2,1,49296,26.0
205,Rahul,Kumar,Male,2017-06-26,3,3,61827,50.0
206,Sneha,Patel,Male,2017-03-05,5,5,57896,23.0
207,Vijay,Patel,Male,2017-11-14,2,1,36464,12.0
208,Vijay,Gupta,Female,2020-03-15,4,2,61944,49.0
209,Ravi,Iyer,Female,2019-12-07,2,3,44475,31.0
210,Divya,Gupta,Female,2018-12-12,1,5,68248,5.0
211,Kumar,Kumar,Female,2019-02-19,1,1,57253,19.0
212,Ravi,Verma,Male,2021-03-20,5,4,98425,3.0
213,Arun,Gupta,Male,2020-05-02,5,3,72857,10.0
214,Priya,Gupta,Female,2020-08-28,1,3,51308,3.0
215,Anita,Iyer,Female,2021-11-02,5,5,45403,24.0
216,Karthik,Nair,Male,2022-08-12,3,4,89183,4.0
217,Divya,Verma,Male,2021-04-04,1,3,65333,19.0
218,Divya,Singh,Male,2021-07-14,1,3,49268,23.0
219,Karthik,Nair,Male,2018-06-22,1,5,71629,25.0
220,Anita,Sharma,Female,2022-03-31,1,5,62748,33.0
221,Ravi,Reddy,Male,2017-05-27,2,3,62395,50.0
222,Meena,Das,Male,2015-11-13,2,2,44385,7.0
223,Rahul,Patel,Male,2016-06-20,5,3,79141,25.0
224,Sanjay,Nair,Male,2023-02-01,2,5,63683,3.0
225,Ravi,Reddy,Male,2018-03-13,5,4,99308,48.0
226,Vijay,Gupta,Female,2017-03-05,4,3,64106,44.0
227,Rahul,Reddy,Male,2020-08-21,4,3,74567,27.0
228,Meena,Kumar,Male,2022-03-11,1,3,71495,24.0
229,Meena,Patel,Female,2016-10-18,1,3,57877,29.0
230,Arun,Singh,Male,2020-01-22,2,1,58987,23.0
231,Kumar,Nair,Male,2019-03-12,5,4,65451,25.0
232,Karthik,Nair,Male,2016-02-10,3,1,57498,46.0
233,Rahul,Gupta,Female,2018-03-21,1,2,55962,45.0
234,Priya,Patel,Female,2015-11-21,1,5,36245,17.0
235,Arun,Reddy,Female,2017-08-31,3,1,39868,8.0
236,Vijay,Das,Male,2015-09-15,4,5,42265,32.0
237,Sanjay,Sharma,Female,2017-09-17,5,5,44409,19.0
238,Karthik,Kumar,Female,2019-09-03,5,2,37275,43.0
239,Meena,Sharma,Female,2021-02-06,5,1,46624,33.0
240,Divya,Sharma,Female,2022-02-16,1,4,75354,24.0
241,Karthik,Kumar,Female,2017-09-14,3,1,54017,43.0
242,Karthik,Patel,Female,2018-12-14,1,2,60783,22.0
243,Ravi,Sharma,Female,2016-07-06,2,4,54135,46.0
244,Divya,Das,Female,2017-03-28,1,2,27746,21.0
245,Karthik,Reddy,Female,2017-11-03,4,5,37399,49.0
246,Kumar,Nair,Female,2022-05-09,1,3,61753,18.0
247,Ravi,Gupta,Female,2019-05-03,4,4,72219,12.0
248,Sanjay,Verma,Male,2015-12-05,3,5,62820,6.0
249,Anita,Iyer,Female,2018-08-08,3,5,41723,6.0
250,Sneha,Gupta,Female,2023-01-18,5,4,77925,11.0
251,Sanjay,Iyer,Male,2023-02-25,1,4,73105,40.0
252,Karthik,Patel,Male,2019-01-28,4,1,46812,48.0
253,Rahul,Kumar,Male,2022-08-09,5,2,53716,3.0
254,Vijay,Patel,Female,2019-04-18,3,3,77174,3.0
255,Rahul,Das,Female,2019-12-24,3,3,45038,37.0
256,Kumar,Sharma,Male,2022-04-14,3,4,68264,16.0
257,Divya,Iyer,Female,2019-05-05,5,4,86809,8.0
258,Kumar,Patel,Male,2018-03-15,5,2,57191,13.0
259,Karthik,Nair,Female,2022-12-31,2,4,79170,6.0
260,Rahul,Patel,Female,2021-01-29,5,1,39514,20.0
261,Priya,Gupta,Male,2016-05-12,2,5,48171,9.0
262,Meena,Patel,Male,2021-06-02,5,3,64176,30.0
263,Ravi,Das,Female,2019-06-19,3,1,53492,47.0
264,Karthik,Kumar,Female,2015-10-30,5,4,58213,21.0
265,Meena,Verma,Male,2018-11-12,5,4,58410,50.0
266,Meena,Patel,Female,2020-08-21,4,2,28631,8.0
267,Meena,Iyer,Male,2018-08-14,2,2,39776,23.0
268,Rahul,Iyer,Male,2022-02-14,2,3,76099,18.0
269,Rahul,Verma,Female,2021-08-21,2,5,73053,10.0
270,Karthik,Verma,Female,2015-04-27,1,5,40323,3.0
271,Arun,Gupta,Female,2019-09-03,5,2,65508,41.0
272,Ravi,Kumar,Male,2017-09-30,4,3,66613,20.0
273,Priya,Nair,Male,2019-08-30,4,2,56735,30.0
274,Anita,Das,Male,2018-11-15,3,3,66130,9.0
275,Ravi,Reddy,Male,2020-03-25,2,3,48029,18.0
276,Sanjay,Reddy,Male,2018-04-03,1,1,42587,40.0
277,Rahul,Gupta,Female,2023-02-01,5,3,60494,13.0
278,Sanjay,Das,Female,2020-07-30,3,4,51518,6.0
279,Arun,Iyer,Female,2021-07-17,2,2,48127,4.0
280,Kumar,Singh,Male,2018-03-16,4,5,70172,1.0
281,Sanjay,Sharma,Male,2019-07-10,3,3,63982,3.0
282,Meena,Gupta,Female,2018-03-28,5,3,44818,25.0
283,Sanjay,Nair,Female,2016-05-01,5,5,43432,7.0
284,Meena,Singh,Male,2016-08-13,3,5,48045,39.0
285,Ravi,Das,Female,2016-07-15,1,1,53382,22.0
286,Vijay,Nair,Male,2020-10-12,5,2,34160,21.0
287,Meena,Das,Female,2018-05-10,5,4,88910,22.0
288,Anita,Kumar,Female,2020-04-29,3,5,36090,24.0
289,Ravi,Iyer,Male,2023-02-18,3,5,36746,39.0
290,Karthik,Verma,Female,2020-05-21,5,1,35587,34.0
291,Kumar,Reddy,Male,2015-05-10,2,2,62523,45.0
292,Sneha,Reddy,Female,2019-09-12,3,4,59924,27.0
293,Rahul,Das,Male,2020-04-15,5,5,39081,46.0
294,Sanjay,Nair,Male,2022-06-05,3,5,66350,34.0
295,Karthik,Iyer,Female,2018-11-03,5,4,85800,23.0
296,Priya,Iyer,Female,2018-02-16,2,2,61574,20.0
297,Meena,Iyer,Female,2018-07-22,4,2,56444,23.0
298,Sanjay,Nair,Male,2022-08-03,5,1,47799,25.0
299,Ravi,Iyer,Female,2018-03-24,1,3,45179,23.0
300,Sneha,Iyer,Male,2021-01-15,2,2,42768,36.0
301,Arun,Das,Male,2021-07-31,5,1,37840,16.0
302,Sneha,Gupta,Male,2016-02-15,1,2,52086,22.0
303,Karthik,Gupta,Female,2021-03-04,1,2,35350,27.0
304,Arun,Kumar,Male,2018-08-08,3,2,43704,42.0
305,Arun,Singh,Female,2016-12-18,1,5,62386,12.0
306,Vijay,Verma,Male,2015-06-03,3,2,25607,20.0
307,Ravi,Patel,Female,2020-02-05,3,3,75605,34.0
308,Sneha,Gupta,Female,2016-04-06,2,3,61671,11.0
309,Karthik,Reddy,Male,2018-10-12,1,2,44334,37.0
310,Kumar,Singh,Male,2019-10-18,4,5,68769,21.0
311,Arun,Iyer,Female,2020-05-09,2,2,46207,16.0
312,Vijay,Verma,Male,2017-12-29,4,2,46602,20.0
313,Karthik,Kumar,Female,2022-10-08,3,3,55486,4.0
314,Divya,Kumar,Female,2019-07-19,2,3,72933,46.0
315,Ravi,Patel,Female,2017-06-23,5,3,54360,9.0
316,Meena,Reddy,Male,2019-08-31,3,5,70994,31.0
317,Sneha,Nair,Male,2020-11-22,1,5,64278,34.0
318,Priya,Verma,Male,2015-09-10,1,5,70890,33.0
319,Karthik,Reddy,Female,2020-11-01,3,2,53956,8.0
320,Ravi,Patel,Female,2019-12-30,5,1,56499,4.0
321,Karthik,Iyer,Male,2015-08-25,5,4,86621,30.0
322,Vijay,Kumar,Male,2015-01-13,3,4,98877,14.0
323,Arun,Kumar,Female,2022-11-08,3,4,54178,35.0
324,Rahul,Singh,Female,2019-08-02,3,1,35897,50.0
325,Karthik,Das,Male,2019-03-27,4,4,74618,6.0
326,Meena,Patel,Male,2017-01-01,1,3,75209,26.0
327,Sneha,Das,Female,2018-05-07,1,1,45171,44.0
328,Anita,Patel,Female,2017-07-29,4,5,51220,30.0
329,Vijay,Sharma,Male,2015-05-12,1,2,68266,27.0
330,Ravi,Verma,Male,2016-02-18,1,2,63924,3.0
331,Meena,Reddy,Male,2019-07-06,1,2,53767,15.0
332,Vijay,Nair,Female,2018-03-30,5,2,40346,47.0
333,Priya,Singh,Female,2016-08-09,3,2,68267,34.0
334,Rahul,Singh,Female,2021-03-30,1,3,78775,48.0
335,Meena,Nair,Female,2022-03-20,3,1,51998,25.0
336,Meena,Gupta,Male,2018-05-13,2,4,74671,12.0
337,Arun,Das,Female,2022-12-08,3,2,34460,30.0
338,Priya,Iyer,Male,2020-12-10,5,4,58787,25.0
339,Meena,Reddy,Male,2020-01-17,1,3,64318,6.0
340,Arun,Kumar,Male,2022-07-22,4,3,79647,39.0
341,Anita,Iyer,Male,2017-06-07,5,5,66417,14.0
342,Sneha,Verma,Male,2016-04-25,2,2,56386,16.0
343,Divya,Singh,Female,2021-03-11,2,4,71077,50.0
344,Meena,Gupta,Female,2018-06-17,3,5,52141,24.0
345,Anita,Nair,Female,2018-08-04,4,1,59960,14.0
346,Arun,Iyer,Female,2017-06-25,5,1,54289,10.0
347,Sanjay,Verma,Male,2017-03-14,2,3,61618,15.0
348,Divya,Gupta,Female,2022-05-05,5,4,94882,22.0
349,Sneha,Das,Female,2018-12-13,2,4,61092,9.0
350,Arun,Kumar,Male,2022-03-13,5,2,28849,34.0
351,Priya,Kumar,Male,2016-07-17,4,1,57608,41.0
352,Arun,Verma,Female,2020-09-02,2,1,44942,24.0
353,Sanjay,Sharma,Male,2015-01-28,1,4,84879,36.0
354,Meena,Singh,Male,2021-01-03,3,5,53788,2.0
355,Priya,Verma,Female,2020-11-17,1,1,34879,16.0
356,Sanjay,Gupta,Male,2019-06-14,3,3,45178,24.0
357,Karthik,Sharma,Male,2022-09-02,3,2,30283,42.0
358,Arun,Sharma,Male,2019-03-25,4,4,86221,31.0
359,Vijay,Kumar,Male,2019-11-13,4,1,51132,22.0
360,Divya,Sharma,Male,2022-10-06,2,2,62144,31.0
361,Anita,Sharma,Male,2021-04-27,5,3,42156,12.0
362,Divya,Patel,Male,2022-12-29,2,5,61102,5.0
363,Sanjay,Patel,Male,2022-08-05,4,5,70426,22.0
364,Priya,Kumar,Female,2015-08-08,3,5,41401,28.0
365,Anita,Sharma,Female,2021-09-05,5,5,60998,50.0
366,Sanjay,Singh,Male,2017-07-23,4,4,73318,36.0
367,Sneha,Kumar,Male,2015-12-18,4,5,54357,16.0
368,Sanjay,Nair,Female,2019-04-06,2,3,50110,48.0
369,Anita,Iyer,Male,2015-01-22,1,1,40101,29.0
370,Meena,Das,Female,2017-02-06,1,2,53244,29.0
371,Kumar,Verma,Female,2016-01-03,1,1,41597,36.0
372,Kumar,Das,Male,2018-04-10,1,4,77119,25.0
373,Rahul,Iyer,Female,2016-11-25,5,5,59951,11.0
374,Sanjay,Iyer,Female,2016-08-20,4,3,44146,11.0
375,Priya,Gupta,Male,2015-11-12,4,3,63666,17.0
376,Sanjay,Nair,Female,2016-07-08,1,4,69966,1.0
377,Vijay,Patel,Female,2018-10-03,4,3,68220,42.0
378,Anita,Patel,Female,2022-10-18,5,3,53163,31.0
379,Priya,Nair,Female,2022-10-17,3,3,72178,37.0
380,Priya,Verma,Male,2019-02-04,4,3,47463,37.0
381,Priya,Gupta,Female,2023-02-26,1,5,65252,46.0
382,Karthik,Iyer,Male,2022-07-19,4,1,46361,9.0
383,Kumar,Gupta,Female,2023-01-08,2,3,67730,25.0
384,Sanjay,Das,Male,2020-12-28,4,5,68201,45.0
385,Priya,Nair,Male,2021-08-29,5,3,45569,7.0
386,Anita,Singh,Male,2021-04-25,1,5,61189,49.0
387,Sneha,Das,Male,2017-11-25,1,1,37274,33.0
388,Karthik,Verma,Male,2019-05-22,3,4,80347,50.0
389,Sanjay,Kumar,Male,2020-05-31,1,3,46851,19.0
390,Priya,Das,Female,2018-07-01,3,2,47483,30.0
391,Sneha,Gupta,Female,2016-02-04,4,3,68715,47.0
392,Kumar,Sharma,Female,2015-07-03,3,1,56548,46.0
393,Meena,Patel,Female,2017-09-26,2,1,46908,12.0
394,Karthik,Patel,Male,2020-03-07,4,5,50194,26.0
395,Priya,Gupta,Female,2015-04-30,4,4,98325,40.0
396,Divya,Kumar,Male,2022-11-26,1,4,64076,14.0
397,Ravi,Kumar,Female,2019-02-07,2,5,56363,13.0
398,Sanjay,Verma,Female,2022-03-02,5,4,70539,39.0
399,Vijay,Patel,Female,2018-11-26,1,5,58067,30.0
400,Kumar,Reddy,Female,2015-12-14,5,5,43778,21.0
401,Meena,Singh,Female,2019-03-10,2,1,52722,10.0
402,Rahul,Gupta,Male,2021-06-12,2,5,60146,28.0
403,Rahul,Nair,Female,2020-06-28,2,5,53929,9.0
404,Rahul,Reddy,Female,2019-01-10,1,5,35628,32.0
405,Karthik,Gupta,Female,2022-04-28,5,5,67438,27.0
406,Arun,Reddy,Female,2016-11-16,4,4,55417,37.0
407,Rahul,Gupta,Female,2017-07-09,3,1,47616,19.0
408,Divya,Das,Female,2016-04-08,5,5,72533,8.0
409,Priya,Singh,Male,2023-01-23,1,5,63925,35.0
410,Anita,Kumar,Female,2015-05-13,3,2,54473,17.0
411,Vijay,Nair,Female,2017-05-09,2,1,56565,48.0
412,Arun,Verma,Female,2016-07-24,5,2,38541,14.0
413,Anita,Iyer,Female,2021-09-10,3,5,70308,11.0
414,Sanjay,Sharma,Female,2020-10-08,3,5,41240,9.0
415,Anita,Reddy,Female,2017-10-19,2,2,34584,46.0
416,Karthik,Singh,Female,2021-06-23,2,4,91445,18.0
417,Meena,Iyer,Female,2022-02-08,1,4,56101,26.0
418,Sneha,Kumar,Female,2018-09-02,4,4,88139,1.0
419,Sanjay,Reddy,Female,2020-12-29,1,3,66064,14.0
420,Vijay,Patel,Female,2018-03-07,3,3,62135,36.0
421,Ravi,Sharma,Male,2015-07-08,1,3,46525,41.0
422,Priya,Patel,Female,2020-02-13,4,2,25044,28.0
423,Divya,Kumar,Female,2016-01-18,3,2,67899,24.0
424,Sneha,Reddy,Female,2019-06-12,1,2,65999,20.0
425,Kumar,Patel,Male,2015-01-05,1,1,36993,31.0
426,Anita,Kumar,Female,2015-02-08,4,5,35528,45.0
427,Kumar,Kumar,Male,2015-10-18,4,2,40004,25.0
428,Rahul,Patel,Male,2018-05-10,3,3,48986,25.0
429,Rahul,Gupta,Female,2015-02-04,5,5,74997,42.0
430,Ravi,Reddy,Male,2019-08-14,2,2,65375,44.0
431,Sanjay,Nair,Female,2016-05-19,2,1,49319,47.0
432,Kumar,Reddy,Female,2017-10-11,2,3,58151,42.0
433,Meena,Reddy,Female,2017-04-21,3,1,46965,39.0
434,Kumar,Reddy,Female,2017-09-07,1,3,72432,25.0
435,Anita,Patel,Female,2020-12-03,1,5,35790,24.0
436,Rahul,Gupta,Male,2019-02-05,4,5,70806,44.0
437,Priya,Sharma,Male,2015-10-04,5,1,30451,17.0
438,Meena,Singh,Female,2018-03-19,5,4,91194,46.0
439,Vijay,Patel,Female,2022-03-08,1,4,85164,35.0
440,Rahul,Das,Female,2015-11-20,3,1,46754,14.0
441,Karthik,Kumar,Female,2022-02-11,5,4,92587,44.0
442,Sanjay,Kumar,Female,2015-08-26,2,4,66022,6.0
443,Sneha,Patel,Male,2015-08-14,5,5,55269,43.0
444,Ravi,Nair,Female,2022-11-13,2,1,30371,11.0
445,Kumar,Sharma,Female,2016-06-03,3,2,42613,47.0
446,Sneha,Verma,Male,2020-11-15,3,4,54185,17.0
447,Ravi,Verma,Male,2020-09-23,4,4,73601,4.0
448,Karthik,Kumar,Male,2017-11-10,2,3,46743,37.0
449,Arun,Gupta,Female,2015-06-30,1,5,35805,16.0
450,Sneha,Singh,Male,2017-01-03,2,4,52317,36.0
451,Kumar,Verma,Female,2019-09-01,2,3,60967,18.0
452,Rahul,Reddy,Male,2022-07-20,5,1,59554,4.0
453,Divya,Nair,Male,2020-03-20,1,4,68501,50.0
454,Divya,Verma,Female,2015-02-02,4,5,59177,13.0
455,Ravi,Reddy,Male,2020-03-15,2,5,59135,38.0
456,Meena,Nair,Male,2019-08-07,1,2,26566,15.0
457,Sneha,Iyer,Male,2022-05-16,1,3,64659,48.0
458,Arun,Patel,Female,2017-09-02,5,2,52513,32.0
459,Sanjay,Nair,Female,2017-08-06,1,1,59402,34.0
460,Karthik,Singh,Male,2016-01-27,5,1,46561,9.0
461,Rahul,Reddy,Female,2015-09-13,5,5,63507,43.0
462,Ravi,Iyer,Male,2019-05-29,3,3,61381,21.0
463,Vijay,Kumar,Male,2016-07-11,2,1,55556,50.0
464,Sanjay,Kumar,Female,2020-01-16,2,1,45271,21.0
465,Kumar,Kumar,Male,2018-06-16,4,2,55365,17.0
466,Rahul,Kumar,Male,2015-06-15,5,3,54091,21.0
467,Divya,Iyer,Male,2020-10-04,4,3,43208,44.0
468,Meena,Reddy,Male,2020-01-27,4,1,48217,48.0
469,Arun,Reddy,Male,2016-07-26,1,4,57959,1.0
470,Karthik,Kumar,Female,2019-03-05,4,2,69976,41.0
471,Ravi,Patel,Male,2015-09-22,1,1,36479,42.0
472,Rahul,Verma,Female,2015-06-24,1,3,70211,4.0
473,Sanjay,Patel,Female,2015-05-01,4,4,75082,44.0
474,Rahul,Sharma,Male,2018-01-31,2,2,43340,29.0
475,Arun,Kumar,Female,2019-08-15,4,3,76089,31.0
476,Meena,Reddy,Male,2019-09-14,2,4,63071,42.0
477,Anita,Verma,Female,2020-05-18,3,4,85685,32.0
478,Vijay,Reddy,Male,2017-01-06,3,4,51708,21.0
479,Vijay,Reddy,Male,2020-04-16,1,3,74696,23.0
480,Meena,Sharma,Male,2022-05-14,2,1,37902,18.0
481,Priya,Verma,Female,2018-12-24,4,5,46384,12.0
482,Vijay,Patel,Male,2015-04-26,5,3,63047,37.0
483,Arun,Kumar,Male,2018-06-19,5,4,61505,32.0
484,Ravi,Sharma,Female,2017-06-15,5,2,26306,34.0
485,Rahul,Nair,Male,2016-06-18,2,5,57331,46.0
486,Kumar,Das,Female,2021-07-30,2,1,53091,10.0
487,Vijay,Kumar,Female,2022-11-25,3,1,51696,26.0
488,Sanjay,Gupta,Female,2016-07-12,3,3,50322,47.0
489,Priya,Verma,Male,2022-10-11,5,2,65220,23.0
490,Rahul,Sharma,Female,2022-09-21,3,4,69301,9.0
491,Vijay,Reddy,Male,2017-01-15,1,5,74478,21.0
492,Priya,Nair,Female,2018-09-18,2,4,98846,5.0
493,Sneha,Nair,Female,2022-12-13,1,2,68910,41.0
494,Kumar,Nair,Female,2017-05-08,3,1,38176,45.0
495,Sneha,Singh,Male,2015-07-17,1,1,42646,29.0
496,Sanjay,Kumar,Female,2019-04-01,4,4,73018,35.0
497,Arun,Iyer,Male,2016-10-28,2,5,64575,5.0
498,Rahul,Singh,Male,2016-03-04,3,3,44862,22.0
499,Vijay,Gupta,Male,2016-01-17,5,1,41073,39.0
500,Arun,Kumar,Female,2021-10-23,2,4,78455,11.0
